CD_SETOR,V06004,V06001
431490205000001,5761.34,115.0
431490205000002,6166.13,77.0
431490205000003,6157.23,233.0
431490205000004,7754.6,143.0
431490205000005,4420.22,264.0
431490205000006,3683.45,160.0
431490205000007,4357.77,160.0
431490205000008,5646.57,111.0
431490205000009,4745.98,152.0
431490205000010,6287.4,127.0
431490205000011,5200.98,132.0
431490205000012,7222.0,226.0
431490205000013,6490.29,186.0
431490205000014,4409.31,159.0
431490205000015,8113.86,222.0
431490205000016,6969.76,188.0
431490205000017,9584.06,293.0
431490205000018,8254.92,120.0
431490205000019,5626.77,97.0
431490205000020,8273.04,270.0
431490205000021,5399.25,233.0
431490205000022,15708.14,150.0
431490205000023,6341.87,229.0
431490205000024,6872.95,297.0
431490205000025,6074.26,174.0
431490205000026,4552.38,114.0
431490205000030,4726.01,192.0
431490205000031,4900.33,173.0
431490205000032,3737.3,170.0
431490205000033,18388.9,180.0
431490205000034,10598.96,164.0
431490205000035,11079.87,219.0
431490205000036,4188.37,127.0
431490205000037,4757.39,150.0
431490205000038,3647.84,155.0
431490205000039,4798.54,203.0
431490205000040,4152.95,174.0
431490205000041,5527.13,202.0
431490205000042,3815.93,167.0
431490205000043,3624.78,168.0
431490205000044,4217.35,206.0
431490205000045,4922.01,272.0
431490205000046,4733.25,185.0
431490205000047,17459.15,278.0
431490205000048,4690.61,124.0
431490205000049,6412.06,172.0
431490205000050,4906.78,309.0
431490205000051,4014.96,282.0
431490205000052,5201.93,266.0
431490205000053,7607.6,146.0
431490205000054,5436.09,148.0
431490205000055,5641.71,134.0
431490205000057,4016.63,152.0
431490205000058,7197.05,231.0
431490205000059,4404.31,146.0
431490205000060,4488.07,270.0
431490205000061,6657.1,240.0
431490205000062,6497.96,235.0
431490205000063,5676.26,232.0
431490205000064,5270.68,277.0
431490205000065,11139.19,243.0
431490205000066,5205.0,214.0
431490205000067,6088.58,133.0
431490205000068,6731.23,189.0
431490205000069,6975.32,190.0
431490205000070,8313.83,198.0
431490205000071,7866.43,180.0
431490205000072,7164.68,162.0
431490205000073,8573.14,302.0
431490205000074,6976.84,231.0
431490205000075,5866.96,208.0
431490205000076,5972.02,118.0
431490205000077,5480.67,254.0
431490205000078,9691.46,188.0
431490205000079,5130.0,172.0
431490205000080,4968.15,174.0
431490205000081,5273.46,191.0
431490205000082,7015.28,145.0
431490205000083,5636.14,74.0
431490205000084,6644.12,171.0
431490205000085,5036.45,135.0
431490205000086,22805.98,180.0
431490205000087,4892.15,209.0
431490205000088,3892.97,275.0
431490205000089,5399.96,219.0
431490205000090,5547.14,196.0
431490205000091,4069.43,184.0
431490205000092,5974.67,174.0
431490205000093,5020.05,220.0
431490205000095,5679.71,86.0
431490205000096,5885.26,198.0
431490205000097,5247.84,81.0
431490205000098,14445.76,127.0
431490205000099,6710.8,183.0
431490205000100,5621.75,184.0
431490205000101,5302.74,278.0
431490205000102,7124.99,270.0
431490205000103,4428.99,241.0
431490205000104,4699.89,205.0
431490205000105,4821.44,254.0
431490205000106,3603.25,183.0
431490205000107,5471.52,191.0
431490205000108,5626.85,211.0
431490205000109,5092.07,86.0
431490205000110,4984.07,214.0
431490205000111,7155.77,247.0
431490205000112,5008.39,113.0
431490205000113,4841.8,222.0
431490205000114,4489.81,143.0
431490205000115,5914.6,169.0
431490205000116,6441.06,285.0
431490205000117,6803.88,156.0
431490205000118,4473.31,150.0
431490205000119,5915.52,223.0
431490205000120,6346.99,184.0
431490205000121,5096.85,160.0
431490205000122,6261.24,169.0
431490205000123,8638.3,378.0
431490205000124,10920.46,241.0
431490205000125,9485.16,179.0
431490205000126,8125.85,130.0
431490205000127,7275.93,206.0
431490205000128,5211.09,256.0
431490205000129,6301.28,155.0
431490205000130,5205.65,154.0
431490205000131,5837.25,209.0
431490205000132,5236.07,188.0
431490205000133,5769.89,207.0
431490205000134,5557.26,185.0
431490205000135,5880.04,85.0
431490205000136,5822.17,101.0
431490205000137,7700.31,133.0
431490205000138,5737.06,274.0
431490205000139,8428.38,230.0
431490205000141,8699.74,194.0
431490205000142,6610.35,107.0
431490205000143,7419.26,99.0
431490205000144,6351.98,118.0
431490205000145,7666.0,270.0
431490205000146,8563.88,201.0
431490205000147,9306.19,247.0
431490205000148,12669.52,166.0
431490205000149,6251.92,277.0
431490205000150,5892.74,165.0
431490205000151,6272.56,127.0
431490205000152,6499.3,164.0
431490205000153,5945.74,219.0
431490205000154,5243.62,162.0
431490205000155,6286.73,231.0
431490205000156,5880.54,163.0
431490205000157,6420.92,133.0
431490205000158,5856.02,105.0
431490205000159,7173.8,117.0
431490205000160,6157.05,206.0
431490205000161,6596.06,230.0
431490205000162,3811.77,150.0
431490205000163,4334.63,214.0
431490205000164,5811.88,189.0
431490205000165,6472.3,220.0
431490205000166,4686.95,150.0
431490205000167,6463.96,304.0
431490205000168,3856.31,210.0
431490205000169,4399.96,191.0
431490205000170,6175.48,202.0
431490205000171,8265.94,284.0
431490205000172,2524.49,63.0
431490205000174,7973.16,299.0
431490205000175,7519.05,419.0
431490205000176,7601.04,214.0
431490205000177,7779.43,264.0
431490205000178,3368.21,129.0
431490205000179,7015.48,297.0
431490205000180,6363.48,106.0
431490205000181,7703.1,260.0
431490205000182,7653.38,212.0
431490205000183,5188.88,267.0
431490205000184,6531.67,235.0
431490205000185,4661.11,164.0
431490205000186,6026.96,295.0
431490205000187,5742.05,173.0
431490205000188,5790.77,268.0
431490205000189,5555.82,179.0
431490205000190,7877.19,207.0
431490205000191,7169.78,205.0
431490205000192,8477.74,290.0
431490205000193,5770.66,193.0
431490205000194,6905.05,183.0
431490205000195,12229.74,247.0
431490205000196,7401.12,130.0
431490205000197,7508.93,205.0
431490205000198,7384.12,203.0
431490205000199,9153.98,238.0
431490205000200,7111.59,300.0
431490205000202,5919.45,111.0
431490205000203,8621.66,272.0
431490205000204,10658.33,291.0
431490205000205,9695.56,231.0
431490205000206,9386.44,297.0
431490205000207,13674.16,269.0
431490205000209,12334.54,228.0
431490205000211,9385.57,235.0
431490205000212,8498.06,299.0
431490205000213,12633.15,238.0
431490205000214,8879.99,212.0
431490205000215,7714.41,218.0
431490205000216,11139.21,259.0
431490205000217,11714.55,388.0
431490205000218,9932.69,231.0
431490205000219,6078.86,239.0
431490205000220,11221.43,251.0
431490205000221,8744.05,253.0
431490205000222,6921.31,261.0
431490205000223,6814.06,244.0
431490205000224,7020.39,163.0
431490205000225,4621.46,203.0
431490205000226,4995.76,202.0
431490205000227,4099.09,190.0
431490205000228,5332.64,195.0
431490205000229,7615.97,318.0
431490205000230,8670.16,287.0
431490205000231,7783.22,369.0
431490205000232,8642.95,253.0
431490205000233,9109.67,279.0
431490205000234,9561.14,333.0
431490205000235,10191.28,318.0
431490205000236,6476.36,356.0
431490205000237,14410.39,219.0
431490205000238,12013.92,277.0
431490205000239,15394.33,371.0
431490205000240,17837.02,240.0
431490205000241,17807.24,280.0
431490205000242,19833.14,275.0
431490205000243,22653.56,386.0
431490205000244,20543.42,256.0
431490205000245,17699.5,281.0
431490205000246,12199.99,280.0
431490205000247,12613.88,358.0
431490205000248,9023.48,189.0
431490205000249,7541.28,156.0
431490205000250,7141.47,134.0
431490205000251,10815.0,267.0
431490205000252,6881.52,177.0
431490205000253,8294.63,161.0
431490205000255,11557.31,231.0
431490205000256,3795.42,179.0
431490205000257,4520.12,280.0
431490205000258,9485.64,262.0
431490205000259,5547.65,244.0
431490205000260,4766.05,197.0
431490205000261,6795.7,255.0
431490205000262,7129.41,305.0
431490205000263,3951.36,253.0
431490205000264,5658.96,151.0
431490205000265,5684.44,180.0
431490205000266,4923.09,294.0
431490205000267,6146.74,374.0
431490205000268,18032.22,191.0
431490205000269,5814.34,207.0
431490205000270,6692.18,216.0
431490205000271,8056.09,280.0
431490205000272,7965.78,182.0
431490205000273,7487.74,200.0
431490205000276,7167.47,178.0
431490205000277,7457.97,268.0
431490205000278,9004.94,291.0
431490205000279,4784.95,320.0
431490205000280,2752.91,206.0
431490205000281,3657.03,252.0
431490205000282,3047.38,190.0
431490205000283,3760.25,133.0
431490205000284,2562.13,297.0
431490205000285,2424.1,243.0
431490205000286,1804.86,95.0
431490205000287,2044.53,202.0
431490205000288,2713.84,248.0
431490205000289,3811.32,257.0
431490205000290,3027.43,191.0
431490205000291,2598.94,204.0
431490205000292,6297.06,192.0
431490205000293,2216.25,95.0
431490205000294,1938.38,271.0
431490205000295,1495.93,132.0
431490205000296,1700.91,256.0
431490205000297,1456.45,223.0
431490205000298,1449.96,171.0
431490205000299,1173.27,200.0
431490205000300,1281.62,289.0
431490205000301,1945.48,157.0
431490205000302,1447.03,141.0
431490205000303,1395.02,138.0
431490205000304,1327.85,144.0
431490205000305,1632.48,190.0
431490205000306,1521.9,219.0
431490205000308,1573.56,182.0
431490205000309,2008.59,243.0
431490205000311,1495.78,186.0
431490205000312,1797.24,371.0
431490205000313,5480.65,262.0
431490205000314,7639.23,286.0
431490205000315,7454.74,64.0
431490205000316,5697.39,178.0
431490205000317,4264.83,114.0
431490205000318,5114.07,191.0
431490205000319,3593.72,169.0
431490205000320,6170.38,204.0
431490205000321,7253.89,243.0
431490205000324,2205.31,313.0
431490205000325,3813.28,250.0
431490205000326,3457.0,280.0
431490205000327,2206.0,199.0
431490205000328,2554.14,182.0
431490205000329,2355.19,282.0
431490205000331,1672.95,250.0
431490205000333,2854.51,79.0
431490205000334,2536.09,118.0
431490205000335,2506.37,244.0
431490205000336,2753.56,159.0
431490205000337,2977.65,153.0
431490205000338,3618.07,161.0
431490205000339,3097.03,236.0
431490205000340,3387.55,190.0
431490205000343,1534.61,258.0
431490205000344,1988.75,322.0
431490205000345,1809.0,272.0
431490205000346,2056.91,265.0
431490205000347,2509.61,153.0
431490205000348,1441.54,225.0
431490205000349,2326.79,197.0
431490205000350,3292.35,274.0
431490205000354,6826.82,207.0
431490205000355,8638.12,256.0
431490205000356,4423.9,334.0
431490205000357,4868.39,437.0
431490205000358,6428.65,507.0
431490205000359,1839.71,163.0
431490205000360,4800.03,238.0
431490205000362,1675.5,151.0
431490205000363,1450.69,301.0
431490205000365,3386.89,260.0
431490205000366,2414.49,173.0
431490205000367,1748.38,345.0
431490205000368,1916.82,208.0
431490205000369,2638.57,201.0
431490205000370,2335.58,116.0
431490205000371,2788.56,108.0
431490205000372,3432.2,135.0
431490205000373,3325.64,201.0
431490205000375,1607.56,170.0
431490205000376,1693.28,255.0
431490205000377,1748.57,137.0
431490205000380,3743.33,304.0
431490205000381,1787.38,211.0
431490205000382,2019.13,326.0
431490205000383,2557.35,285.0
431490205000384,2125.06,307.0
431490205000386,2483.15,234.0
431490205000387,1651.4,159.0
431490205000388,2224.24,392.0
431490205000389,2636.89,263.0
431490205000390,6073.09,328.0
431490205000391,6403.55,209.0
431490205000393,4865.61,235.0
431490205000394,2617.97,251.0
431490205000395,2802.41,244.0
431490205000396,1861.24,141.0
431490205000398,3860.42,290.0
431490205000399,2813.68,308.0
431490205000400,2635.62,301.0
431490205000401,3026.94,269.0
431490205000402,3260.75,254.0
431490205000403,2915.94,189.0
431490205000404,2299.17,154.0
431490205000405,2135.02,204.0
431490205000406,2321.91,220.0
431490205000407,2420.44,310.0
431490205000408,2422.71,241.0
431490205000409,2153.5,179.0
431490205000410,1606.7,108.0
431490205000411,1624.84,283.0
431490205000412,1970.27,264.0
431490205000413,1418.73,338.0
431490205000414,1398.1,281.0
431490205000415,2226.44,238.0
431490205000416,2454.99,210.0
431490205000417,1737.7,139.0
431490205000418,3000.29,116.0
431490205000419,2270.62,124.0
431490205000420,2301.46,287.0
431490205000421,1434.54,232.0
431490205000422,2297.76,264.0
431490205000423,1698.73,386.0
431490205000424,1734.26,217.0
431490205000427,1401.97,469.0
431490205000428,1735.41,111.0
431490205000429,1712.71,250.0
431490205000430,3572.37,168.0
431490205000431,3570.02,231.0
431490205000432,3046.64,289.0
431490205000433,4483.64,247.0
431490205000434,4496.42,204.0
431490205000435,3838.45,154.0
431490205000436,4970.95,143.0
431490205000437,3207.06,140.0
431490205000438,2190.89,194.0
431490205000439,4014.68,215.0
431490205000440,3212.77,142.0
431490205000441,4935.86,89.0
431490205000442,1706.94,186.0
431490205000443,1713.62,97.0
431490205000444,1654.03,174.0
431490205000445,2166.24,220.0
431490205000446,1723.78,114.0
431490205000447,3870.18,153.0
431490205000448,4748.45,165.0
431490205000449,4001.74,157.0
431490205000450,3785.91,170.0
431490205000451,3851.35,132.0
431490205000452,3164.79,163.0
431490205000453,5631.78,136.0
431490205000454,4338.7,253.0
431490205000455,2413.58,169.0
431490205000456,1316.13,80.0
431490205000457,3235.61,100.0
431490205000459,4026.55,389.0
431490205000460,3081.94,218.0
431490205000461,2265.71,222.0
431490205000462,1466.35,24.0
431490205000463,2586.31,172.0
431490205000465,,
431490205000466,1932.45,427.0
431490205000468,3837.47,363.0
431490205000469,3060.74,252.0
431490205000471,1301.58,177.0
431490205000472,1917.75,295.0
431490205000473,1649.65,213.0
431490205000474,1978.83,346.0
431490205000475,1890.57,263.0
431490205000476,2077.58,305.0
431490205000479,6021.84,194.0
431490205000480,3449.49,102.0
431490205000481,5779.46,127.0
431490205000482,4391.52,208.0
431490205000483,5515.64,180.0
431490205000484,6449.77,298.0
431490205000485,3405.09,204.0
431490205000486,5494.07,172.0
431490205000487,3981.73,115.0
431490205000488,5997.8,357.0
431490205000489,3440.44,153.0
431490205000490,4650.72,333.0
431490205000491,3608.9,106.0
431490205000492,6351.71,242.0
431490205000493,6547.86,255.0
431490205000494,8707.75,373.0
431490205000496,6392.32,298.0
431490205000497,5151.68,340.0
431490205000498,4892.59,171.0
431490205000499,5718.16,180.0
431490205000500,6393.63,247.0
431490205000501,6091.36,262.0
431490205000502,5584.69,242.0
431490205000503,7003.3,211.0
431490205000504,3998.14,216.0
431490205000505,3846.26,169.0
431490205000506,4912.73,327.0
431490205000507,3647.19,195.0
431490205000508,6045.97,200.0
431490205000509,3799.14,176.0
431490205000510,5584.9,185.0
431490205000512,1925.21,135.0
431490205000513,1586.87,237.0
431490205000514,2610.47,197.0
431490205000515,3155.33,309.0
431490205000516,2412.17,169.0
431490205000517,2107.25,195.0
431490205000518,2065.9,161.0
431490205000519,1572.94,247.0
431490205000520,2383.29,119.0
431490205000521,3650.05,88.0
431490205000522,1661.37,135.0
431490205000523,1821.94,142.0
431490205000524,4374.96,102.0
431490205000525,4167.57,214.0
431490205000526,2953.5,161.0
431490205000527,2894.97,82.0
431490205000528,2389.83,117.0
431490205000529,2582.35,170.0
431490205000530,3213.35,84.0
431490205000531,3029.77,221.0
431490205000532,3663.15,109.0
431490205000533,4413.93,149.0
431490205000534,4028.26,193.0
431490205000536,4408.46,156.0
431490205000537,1423.8,185.0
431490205000538,4441.01,124.0
431490205000539,3527.42,110.0
431490205000542,8365.07,72.0
431490205000543,5706.79,149.0
431490205000544,6783.24,210.0
431490205000545,4117.13,226.0
431490205000546,4312.91,253.0
431490205000548,6143.89,282.0
431490205000549,1322.19,81.0
431490205000550,5029.7,256.0
431490205000551,6018.62,203.0
431490205000552,5804.91,162.0
431490205000553,4555.54,152.0
431490205000554,4940.79,149.0
431490205000555,6065.76,127.0
431490205000556,5965.53,168.0
431490205000557,4109.34,253.0
431490205000558,7018.38,270.0
431490205000559,4993.43,209.0
431490205000561,3432.11,292.0
431490205000562,4342.67,107.0
431490205000563,2402.53,353.0
431490205000565,2459.71,267.0
431490205000566,1407.74,111.0
431490205000567,5850.91,184.0
431490205000568,5104.43,418.0
431490205000569,6807.59,246.0
431490205000570,5125.57,170.0
431490205000571,3539.63,90.0
431490205000572,4625.88,197.0
431490205000573,4208.0,233.0
431490205000574,4332.73,166.0
431490205000575,4593.16,136.0
431490205000576,4805.44,309.0
431490205000577,5191.87,231.0
431490205000578,6192.94,149.0
431490205000579,4911.51,149.0
431490205000580,5828.91,175.0
431490205000581,4644.58,225.0
431490205000582,4075.34,174.0
431490205000583,4127.54,127.0
431490205000584,4872.53,175.0
431490205000585,6763.37,256.0
431490205000586,4552.02,197.0
431490205000587,5319.1,238.0
431490205000588,5172.25,279.0
431490205000589,6346.82,113.0
431490205000590,4993.83,173.0
431490205000591,4015.89,119.0
431490205000592,5785.25,166.0
431490205000593,5344.34,156.0
431490205000594,4233.15,266.0
431490205000595,4295.51,155.0
431490205000596,10008.66,147.0
431490205000597,6260.06,248.0
431490205000598,5852.98,107.0
431490205000600,4287.74,165.0
431490205000601,5117.98,106.0
431490205000602,3704.57,130.0
431490205000605,3410.29,203.0
431490205000606,5396.71,116.0
431490205000607,5432.16,324.0
431490205000608,4009.23,196.0
431490205000610,5038.75,223.0
431490205000611,6078.03,152.0
431490205000614,15490.34,301.0
431490205000615,7376.03,316.0
431490205000616,2654.52,67.0
431490205000617,4927.65,203.0
431490205000618,6321.04,229.0
431490205000620,13211.29,171.0
431490205000621,7633.82,166.0
431490205000622,5378.8,197.0
431490205000623,1546.22,74.0
431490205000624,6573.92,163.0
431490205000625,7516.7,324.0
431490205000626,6343.71,205.0
431490205000627,7024.32,289.0
431490205000628,5985.03,269.0
431490205000629,6279.47,267.0
431490205000630,7302.51,176.0
431490205000631,5120.85,286.0
431490205000632,4704.01,160.0
431490205000633,6541.17,211.0
431490205000634,12638.58,170.0
431490205000635,8474.03,271.0
431490205000636,6266.65,142.0
431490205000637,8248.77,121.0
431490205000638,4945.87,166.0
431490205000639,7631.57,162.0
431490205000640,9013.67,204.0
431490205000641,12847.52,222.0
431490205000642,8939.14,174.0
431490205000643,6837.1,227.0
431490205000644,8282.51,215.0
431490205000645,8037.98,264.0
431490205000646,8341.53,175.0
431490205000647,7855.1,196.0
431490205000648,8291.84,266.0
431490205000649,10775.1,316.0
431490205000650,6973.71,187.0
431490205000651,5546.61,169.0
431490205000652,10206.2,356.0
431490205000653,14745.23,177.0
431490205000654,7374.61,194.0
431490205000655,11576.08,281.0
431490205000656,8651.97,221.0
431490205000657,10075.16,176.0
431490205000658,9432.72,267.0
431490205000659,9742.75,171.0
431490205000660,8032.35,200.0
431490205000661,9991.22,288.0
431490205000662,7638.2,318.0
431490205000663,7170.86,254.0
431490205000664,9483.69,219.0
431490205000665,8273.1,232.0
431490205000666,6135.14,114.0
431490205000668,6697.91,162.0
431490205000669,9232.03,236.0
431490205000670,7085.08,207.0
431490205000671,6747.73,176.0
431490205000672,10492.64,275.0
431490205000673,11532.4,402.0
431490205000674,4052.64,131.0
431490205000675,4294.35,219.0
431490205000676,4224.72,209.0
431490205000677,8131.32,325.0
431490205000678,4564.93,157.0
431490205000679,4411.91,130.0
431490205000680,3245.13,164.0
431490205000681,7299.07,309.0
431490205000682,3681.6,133.0
431490205000683,3508.25,255.0
431490205000684,3270.91,174.0
431490205000685,3862.01,262.0
431490205000686,3906.93,215.0
431490205000687,5332.91,283.0
431490205000688,4166.19,58.0
431490205000689,5742.47,267.0
431490205000690,4476.28,199.0
431490205000691,7452.6,111.0
431490205000692,4042.25,179.0
431490205000693,6874.5,127.0
431490205000694,7234.8,111.0
431490205000695,5390.84,155.0
431490205000696,8832.01,185.0
431490205000697,7659.29,364.0
431490205000698,1282.86,167.0
431490205000699,14077.46,124.0
431490205000700,,
431490205000701,,
431490205000702,1736.96,252.0
431490205000703,1556.1,288.0
431490205000704,1174.59,169.0
431490205000705,4179.23,299.0
431490205000706,1972.24,253.0
431490205000707,1927.71,253.0
431490205000708,4245.38,219.0
431490205000709,7175.21,123.0
431490205000711,2695.82,83.0
431490205000712,2377.57,165.0
431490205000713,4361.89,210.0
431490205000714,1619.79,123.0
431490205000715,1344.78,135.0
431490205000717,1360.97,136.0
431490205000718,1562.68,266.0
431490205000719,1621.16,331.0
431490205000720,1622.86,233.0
431490205000721,4735.76,261.0
431490205000722,6198.78,246.0
431490205000723,5247.67,86.0
431490205000724,5389.08,178.0
431490205000725,1753.71,94.0
431490205000726,4525.03,210.0
431490205000727,1978.56,137.0
431490205000728,1560.52,87.0
431490205000729,1624.91,233.0
431490205000730,1928.06,223.0
431490205000731,1545.1,292.0
431490205000732,1963.39,101.0
431490205000733,4711.78,198.0
431490205000734,3185.43,269.0
431490205000735,2235.87,267.0
431490205000736,2785.88,252.0
431490205000738,2262.42,210.0
431490205000739,1551.28,204.0
431490205000740,5201.56,247.0
431490205000742,1401.15,230.0
431490205000743,1483.13,331.0
431490205000744,2811.85,249.0
431490205000746,1598.47,304.0
431490205000748,3349.47,166.0
431490205000749,10609.9,213.0
431490205000750,1596.23,391.0
431490205000751,8007.56,288.0
431490205000752,8626.28,186.0
431490205000753,3663.18,188.0
431490205000754,8601.25,187.0
431490205000755,4392.95,247.0
431490205000756,4774.65,252.0
431490205000757,7972.11,227.0
431490205000759,9818.17,129.0
431490205000761,3165.25,233.0
431490205000762,2282.84,80.0
431490205000763,5010.98,112.0
431490205000765,4052.5,118.0
431490205000766,5003.36,78.0
431490205000767,4761.85,21.0
431490205000768,6229.37,254.0
431490205000769,7409.49,77.0
431490205000770,3899.96,185.0
431490205000771,5545.34,215.0
431490205000772,8512.18,192.0
431490205000774,6439.53,130.0
431490205000775,5675.25,148.0
431490205000776,9444.25,199.0
431490205000777,16643.02,124.0
431490205000780,1632.84,95.0
431490205000781,9912.43,361.0
431490205000782,5532.61,278.0
431490205000783,7302.07,322.0
431490205000784,3990.2,246.0
431490205000785,1437.38,163.0
431490205000786,1390.15,137.0
431490205000788,5598.46,195.0
431490205000789,1725.65,224.0
431490205000790,1830.1,143.0
431490205000791,1514.54,316.0
431490205000792,1645.27,161.0
431490205000793,1307.96,168.0
431490205000794,1573.52,123.0
431490205000795,1504.92,135.0
431490205000796,2285.25,210.0
431490205000797,3908.2,162.0
431490205000798,3807.28,229.0
431490205000799,3923.49,153.0
431490205000800,5177.56,302.0
431490205000801,4935.64,297.0
431490205000802,1567.15,63.0
431490205000803,3523.71,231.0
431490205000805,3611.16,126.0
431490205000806,4144.14,271.0
431490205000807,4152.54,74.0
431490205000808,4231.57,223.0
431490205000809,3166.24,140.0
431490205000810,12179.48,385.0
431490205000811,2140.99,212.0
431490205000812,2692.28,103.0
431490205000813,4877.04,74.0
431490205000814,6711.33,322.0
431490205000815,2453.53,145.0
431490205000816,4703.85,115.0
431490205000818,5953.86,251.0
431490205000819,6120.35,103.0
431490205000820,5899.41,93.0
431490205000821,6201.75,137.0
431490205000822,4470.88,183.0
431490205000823,3679.56,247.0
431490205000824,4567.5,147.0
431490205000825,,
431490205000827,4322.04,231.0
431490205000828,4021.26,241.0
431490205000829,6414.96,279.0
431490205000830,,
431490205000831,2672.46,35.0
431490205000832,1821.67,186.0
431490205000833,9598.17,254.0
431490205000834,5557.01,141.0
431490205000835,5107.7,133.0
431490205000836,6287.53,162.0
431490205000837,5487.8,162.0
431490205000838,8948.56,115.0
431490205000839,2705.97,209.0
431490205000840,4142.83,206.0
431490205000842,6364.28,268.0
431490205000844,3962.0,190.0
431490205000845,5643.69,152.0
431490205000846,6369.72,142.0
431490205000847,2855.78,177.0
431490205000848,6072.34,109.0
431490205000850,6761.46,144.0
431490205000851,27885.54,160.0
431490205000852,7765.77,314.0
431490205000854,7130.43,310.0
431490205000856,4351.91,159.0
431490205000857,4652.18,310.0
431490205000859,9135.7,403.0
431490205000860,2022.81,319.0
431490205000861,4647.7,211.0
431490205000862,2805.02,93.0
431490205000863,3986.89,202.0
431490205000864,2614.87,243.0
431490205000865,1932.41,328.0
431490205000866,1874.93,197.0
431490205000867,2592.92,265.0
431490205000868,1124.04,96.0
431490205000869,1440.08,167.0
431490205000870,1603.1,131.0
431490205000871,1831.73,202.0
431490205000872,2199.11,164.0
431490205000873,2023.62,98.0
431490205000874,1868.44,208.0
431490205000877,1774.29,181.0
431490205000883,1920.36,222.0
431490205000884,2251.07,296.0
431490205000885,2040.27,436.0
431490205000886,1453.32,241.0
431490205000888,1511.44,213.0
431490205000889,2586.15,77.0
431490205000890,2564.78,271.0
431490205000891,2060.23,262.0
431490205000892,2221.95,250.0
431490205000893,2550.79,298.0
431490205000894,3872.05,239.0
431490205000895,1818.04,281.0
431490205000897,1541.1,320.0
431490205000898,1644.15,209.0
431490205000899,1654.85,87.0
431490205000900,1504.6,318.0
431490205000901,1731.05,468.0
431490205000902,1390.54,281.0
431490205000907,1522.95,272.0
431490205000908,2324.34,329.0
431490205000909,2296.24,252.0
431490205000910,1284.91,244.0
431490205000911,2122.96,180.0
431490205000912,1443.25,327.0
431490205000913,3303.52,229.0
431490205000914,2219.03,495.0
431490205000915,2255.31,154.0
431490205000916,1448.7,151.0
431490205000917,1438.32,250.0
431490205000918,2803.26,314.0
431490205000919,1737.54,238.0
431490205000920,1480.7,446.0
431490205000921,2232.48,244.0
431490205000924,2352.05,356.0
431490205000925,1996.21,188.0
431490205000926,1770.39,266.0
431490205000927,2313.54,393.0
431490205000928,2339.33,244.0
431490205000929,1793.68,274.0
431490205000930,2154.16,218.0
431490205000931,2286.86,247.0
431490205000932,1787.75,208.0
431490205000933,1961.29,227.0
431490205000934,2174.23,327.0
431490205000935,2403.2,421.0
431490205000937,1439.86,440.0
431490205000938,1636.09,227.0
431490205000940,1779.29,415.0
431490205000941,3297.02,136.0
431490205000944,1562.22,310.0
431490205000945,2295.8,283.0
431490205000946,2052.18,357.0
431490205000947,1847.08,255.0
431490205000948,2168.38,267.0
431490205000949,1894.5,337.0
431490205000950,2007.97,215.0
431490205000951,2263.62,369.0
431490205000952,1373.78,606.0
431490205000953,1654.06,268.0
431490205000954,1189.98,91.0
431490205000955,1260.52,97.0
431490205000956,1944.33,290.0
431490205000957,1390.39,216.0
431490205000958,1664.29,260.0
431490205000959,1842.05,227.0
431490205000960,2093.13,356.0
431490205000961,2125.64,236.0
431490205000962,2239.36,216.0
431490205000963,2286.26,188.0
431490205000964,2079.76,298.0
431490205000965,2410.03,239.0
431490205000966,2239.33,240.0
431490205000967,2554.49,151.0
431490205000968,2262.26,281.0
431490205000969,1892.54,921.0
431490205000971,2473.46,227.0
431490205000972,2206.35,230.0
431490205000973,2064.69,126.0
431490205000974,1835.49,219.0
431490205000975,2300.45,157.0
431490205000976,1683.94,261.0
431490205000977,1577.5,248.0
431490205000978,1391.94,138.0
431490205000979,1627.25,185.0
431490205000980,1662.11,308.0
431490205000982,2416.9,166.0
431490205000983,1877.05,151.0
431490205000984,1996.16,380.0
431490205000985,2104.41,271.0
431490205000986,1873.05,185.0
431490205000987,1434.75,232.0
431490205000988,1190.97,178.0
431490205000989,1438.44,306.0
431490205000990,1683.86,221.0
431490205000991,1581.49,210.0
431490205000992,2094.21,207.0
431490205000995,2186.33,357.0
431490205000996,2650.44,349.0
431490205000997,5857.04,265.0
431490205000998,2927.5,83.0
431490205000999,3065.55,344.0
431490205001000,4419.29,338.0
431490205001001,6588.56,48.0
431490205001003,3534.63,240.0
431490205001004,5042.22,272.0
431490205001005,5918.87,386.0
431490205001006,2862.35,206.0
431490205001007,2916.53,179.0
431490205001009,3406.24,179.0
431490205001010,4619.49,169.0
431490205001011,6902.97,333.0
431490205001012,4183.45,190.0
431490205001013,3798.65,327.0
431490205001014,3686.64,142.0
431490205001015,3661.93,152.0
431490205001016,5631.34,179.0
431490205001017,5494.55,148.0
431490205001018,1947.18,323.0
431490205001019,1830.84,189.0
431490205001020,2116.51,53.0
431490205001021,1888.41,242.0
431490205001022,2339.28,145.0
431490205001023,2589.96,51.0
431490205001024,2496.22,148.0
431490205001025,1534.34,231.0
431490205001027,3352.38,225.0
431490205001028,4113.47,126.0
431490205001029,2853.12,259.0
431490205001030,2930.96,259.0
431490205001031,2937.48,211.0
431490205001032,3439.19,220.0
431490205001033,2767.05,205.0
431490205001034,2482.95,113.0
431490205001035,1894.07,315.0
431490205001036,1965.96,283.0
431490205001037,2104.95,222.0
431490205001038,4090.78,136.0
431490205001039,3269.73,140.0
431490205001040,3965.55,267.0
431490205001041,6930.4,222.0
431490205001042,2186.17,332.0
431490205001043,3935.08,174.0
431490205001044,4354.46,159.0
431490205001045,3274.03,208.0
431490205001046,5214.62,280.0
431490205001047,4610.69,184.0
431490205001048,4194.09,198.0
431490205001049,4230.07,176.0
431490205001050,3554.87,239.0
431490205001051,4618.87,193.0
431490205001052,5924.35,161.0
431490205001053,6859.83,188.0
431490205001054,4286.01,171.0
431490205001055,3990.9,216.0
431490205001056,3871.74,261.0
431490205001057,2833.15,193.0
431490205001058,2896.93,252.0
431490205001059,3248.12,239.0
431490205001060,3352.25,179.0
431490205001061,3361.84,294.0
431490205001062,6214.95,375.0
431490205001063,4499.5,186.0
431490205001064,4654.89,310.0
431490205001065,4116.86,257.0
431490205001067,2591.35,52.0
431490205001068,5268.11,325.0
431490205001069,5439.38,312.0
431490205001070,4906.78,187.0
431490205001071,3020.11,292.0
431490205001073,4807.94,376.0
431490205001074,4106.8,247.0
431490205001075,4098.16,303.0
431490205001076,5442.34,153.0
431490205001078,1825.85,177.0
431490205001081,6733.5,356.0
431490205001082,6563.41,318.0
431490205001083,6118.8,290.0
431490205001084,3366.74,280.0
431490205001085,3096.74,161.0
431490205001086,3791.07,145.0
431490205001087,3964.0,245.0
431490205001088,3855.74,254.0
431490205001089,4680.99,329.0
431490205001090,4505.78,205.0
431490205001091,3109.51,255.0
431490205001092,3022.22,220.0
431490205001093,3063.25,259.0
431490205001094,4487.49,207.0
431490205001095,2347.74,310.0
431490205001096,5662.96,315.0
431490205001097,11540.16,240.0
431490205001098,9397.59,247.0
431490205001099,11126.46,162.0
431490205001100,5782.69,451.0
431490205001101,1882.26,31.0
431490205001102,11279.96,187.0
431490205001103,12644.86,85.0
431490205001104,12067.98,127.0
431490205001105,5227.24,202.0
431490205001106,6715.41,386.0
431490205001107,10240.06,456.0
431490205001108,12094.42,151.0
431490205001109,8780.19,215.0
431490205001110,14276.67,319.0
431490205001111,11300.12,111.0
431490205001112,5102.81,110.0
431490205001113,8365.75,349.0
431490205001114,8418.13,244.0
431490205001115,10441.06,225.0
431490205001116,4562.25,168.0
431490205001117,9016.87,163.0
431490205001118,9704.15,271.0
431490205001119,11013.59,443.0
431490205001120,14346.31,237.0
431490205001121,11439.98,269.0
431490205001123,8169.45,263.0
431490205001124,12810.11,258.0
431490205001125,9596.26,379.0
431490205001126,10023.53,176.0
431490205001127,6491.21,335.0
431490205001128,6364.83,280.0
431490205001129,1705.33,165.0
431490205001130,11476.69,78.0
431490205001131,13002.09,151.0
431490205001132,17747.44,173.0
431490205001136,1976.55,177.0
431490205001137,27919.23,105.0
431490205001138,4843.91,198.0
431490205001139,4445.18,142.0
431490205001142,,
431490205001143,6138.65,202.0
431490205001144,8868.92,308.0
431490205001145,10997.04,199.0
431490205001146,22657.56,190.0
431490205001147,8694.11,257.0
431490205001148,8409.81,183.0
431490205001149,8220.03,113.0
431490205001150,6963.44,362.0
431490205001151,8415.81,342.0
431490205001152,12870.23,341.0
431490205001153,4058.58,261.0
431490205001155,8558.24,238.0
431490205001156,9045.34,188.0
431490205001157,9466.06,174.0
431490205001159,5970.14,202.0
431490205001160,3581.78,278.0
431490205001161,4120.83,344.0
431490205001162,5012.26,132.0
431490205001163,3132.09,140.0
431490205001164,10848.67,110.0
431490205001165,9986.9,353.0
431490205001166,3505.64,107.0
431490205001167,4940.79,201.0
431490205001168,6343.97,176.0
431490205001169,6620.07,237.0
431490205001170,4435.57,62.0
431490205001171,5732.35,306.0
431490205001172,7702.54,99.0
431490205001173,1733.4,135.0
431490205001174,1510.44,262.0
431490205001175,1478.41,111.0
431490205001176,1350.18,265.0
431490205001177,1569.83,176.0
431490205001180,1674.84,274.0
431490205001181,5188.33,302.0
431490205001182,1921.45,346.0
431490205001183,1519.82,377.0
431490205001184,1827.63,170.0
431490205001185,3801.35,107.0
431490205001186,4169.79,245.0
431490205001187,3640.41,271.0
431490205001188,4064.63,299.0
431490205001189,3721.26,474.0
431490205001191,2715.78,103.0
431490205001192,7591.18,44.0
431490205001193,2200.78,116.0
431490205001194,2472.8,148.0
431490205001195,3073.54,426.0
431490205001196,2070.24,124.0
431490205001197,9144.78,202.0
431490205001198,7616.55,277.0
431490205001200,2215.59,182.0
431490205001202,5850.92,165.0
431490205001203,3155.28,159.0
431490205001204,2511.05,283.0
431490205001205,6841.59,194.0
431490205001207,2953.37,266.0
431490205001208,2419.81,226.0
431490205001209,2794.46,305.0
431490205001211,1900.41,225.0
431490205001212,2022.31,186.0
431490205001216,3611.51,301.0
431490205001217,4707.39,363.0
431490205001218,3940.9,350.0
431490205001219,4071.75,147.0
431490205001220,4025.01,120.0
431490205001221,3690.93,140.0
431490205001222,3920.45,176.0
431490205001223,3057.49,224.0
431490205001224,2907.57,180.0
431490205001225,2570.67,151.0
431490205001226,2118.45,221.0
431490205001227,2578.1,262.0
431490205001228,2442.3,205.0
431490205001229,2403.02,198.0
431490205001230,2354.64,324.0
431490205001231,2388.55,271.0
431490205001234,1620.19,175.0
431490205001235,1310.44,294.0
431490205001236,1387.29,173.0
431490205001237,2354.74,112.0
431490205001238,2283.28,581.0
431490205001239,1880.71,389.0
431490205001240,2121.07,398.0
431490205001241,3069.95,229.0
431490205001242,4425.0,7.0
431490205001243,2045.9,81.0
431490205001244,1700.0,8.0
431490205001245,4651.79,117.0
431490205001248,2818.82,80.0
431490205001249,4077.74,189.0
431490205001250,3469.16,158.0
431490205001251,4123.36,149.0
431490205001252,2906.12,191.0
431490205001253,2829.54,274.0
431490205001254,2751.69,158.0
431490205001255,2802.69,185.0
431490205001256,2383.06,270.0
431490205001257,2323.4,387.0
431490205001258,,
431490205001259,2536.1,204.0
431490205001262,1666.34,366.0
431490205001265,1828.01,209.0
431490205001266,1869.44,221.0
431490205001267,1735.82,539.0
431490205001270,2149.2,317.0
431490205001272,2662.26,319.0
431490205001273,2511.27,227.0
431490205001274,1876.01,173.0
431490205001275,2191.1,459.0
431490205001276,2641.61,276.0
431490205001277,2344.64,142.0
431490205001278,2165.61,495.0
431490205001279,2390.12,184.0
431490205001280,1530.84,242.0
431490205001281,1386.76,411.0
431490205001289,2549.43,75.0
431490205001292,2833.27,128.0
431490205001293,2538.49,217.0
431490205001294,1615.56,337.0
431490205001304,1215.32,285.0
431490205001305,1470.67,6.0
431490205001307,1300.0,55.0
431490205001308,1712.07,160.0
431490205001309,1530.8,215.0
431490205001310,1141.65,107.0
431490205001311,1449.64,88.0
431490205001312,1755.41,238.0
431490205001313,1853.36,130.0
431490205001314,3926.7,326.0
431490205001315,2054.74,245.0
431490205001316,2740.39,135.0
431490205001317,2546.32,121.0
431490205001318,1738.46,272.0
431490205001319,2240.28,156.0
431490205001320,10806.23,120.0
431490205001321,3930.86,202.0
431490205001322,2396.92,123.0
431490205001323,2098.19,302.0
431490205001324,2133.39,165.0
431490205001325,2196.76,181.0
431490205001327,1115.07,460.0
431490205001328,1744.84,340.0
431490205001329,1451.8,312.0
431490205001330,1617.22,302.0
431490205001333,3869.35,223.0
431490205001334,3675.05,199.0
431490205001335,4185.59,201.0
431490205001336,3923.0,165.0
431490205001337,3799.76,230.0
431490205001338,3874.32,208.0
431490205001339,3296.43,182.0
431490205001340,3217.39,272.0
431490205001341,3686.19,222.0
431490205001343,4133.58,224.0
431490205001344,3474.99,238.0
431490205001346,1290.37,149.0
431490205001347,2212.4,350.0
431490205001348,4557.33,57.0
431490205001349,3882.35,34.0
431490205001351,3092.3,94.0
431490205001352,2867.74,62.0
431490205001353,2294.44,19.0
431490205001354,4297.14,72.0
431490205001355,3145.08,91.0
431490205001356,4390.85,115.0
431490205001357,8473.95,167.0
431490205001358,5005.01,149.0
431490205001359,3261.0,90.0
431490205001360,2989.49,89.0
431490205001361,4270.24,153.0
431490205001362,3524.32,136.0
431490205001363,3282.5,28.0
431490205001364,2789.16,117.0
431490205001365,3728.73,159.0
431490205001366,6072.78,277.0
431490205001367,4349.51,83.0
431490205001368,3105.53,60.0
431490205001369,3376.9,127.0
431490205001370,4178.05,138.0
431490205001371,4688.47,217.0
431490205001372,3213.43,181.0
431490205001373,3860.53,175.0
431490205001375,4004.69,113.0
431490205001376,4098.27,103.0
431490205001377,3874.47,211.0
431490205001378,2721.47,144.0
431490205001379,4605.01,216.0
431490205001380,4782.66,176.0
431490205001381,4095.65,125.0
431490205001382,5316.9,179.0
431490205001383,5912.71,246.0
431490205001384,5544.2,148.0
431490205001385,6187.24,163.0
431490205001386,7035.99,147.0
431490205001387,6173.43,270.0
431490205001388,3765.21,117.0
431490205001389,2475.09,109.0
431490205001390,4633.29,118.0
431490205001391,5877.46,296.0
431490205001392,6797.78,114.0
431490205001393,6956.55,198.0
431490205001394,8546.0,189.0
431490205001395,4156.86,122.0
431490205001396,8631.11,213.0
431490205001397,15165.4,350.0
431490205001398,14090.27,176.0
431490205001399,6748.98,138.0
431490205001400,7007.64,284.0
431490205001401,3411.91,207.0
431490205001402,2824.96,109.0
431490205001403,4867.82,164.0
431490205001404,4056.6,219.0
431490205001405,5200.17,144.0
431490205001406,5509.79,162.0
431490205001407,5340.04,248.0
431490205001408,5630.59,224.0
431490205001409,8109.01,184.0
431490205001410,4168.49,159.0
431490205001411,3772.28,186.0
431490205001412,4601.93,222.0
431490205001413,3966.43,149.0
431490205001414,5581.79,140.0
431490205001415,5431.51,87.0
431490205001416,6827.93,269.0
431490205001417,8138.18,195.0
431490205001418,5365.35,152.0
431490205001419,6192.15,192.0
431490205001420,8106.1,246.0
431490205001421,11811.48,132.0
431490205001422,7523.28,249.0
431490205001423,9774.96,217.0
431490205001424,13193.73,83.0
431490205001425,11391.66,220.0
431490205001426,14316.48,220.0
431490205001427,15622.55,125.0
431490205001428,12417.18,85.0
431490205001429,8185.65,114.0
431490205001430,4786.6,74.0
431490205001431,5738.05,287.0
431490205001432,6651.51,261.0
431490205001433,8307.07,221.0
431490205001434,8041.12,237.0
431490205001435,6959.47,186.0
431490205001436,7746.31,198.0
431490205001437,6617.99,166.0
431490205001438,7109.18,239.0
431490205001439,6885.37,250.0
431490205001440,5631.94,269.0
431490205001441,5607.96,136.0
431490205001442,8706.1,262.0
431490205001443,7055.39,193.0
431490205001444,11976.49,135.0
431490205001445,10840.99,273.0
431490205001446,8722.23,208.0
431490205001447,10589.58,129.0
431490205001448,8536.52,298.0
431490205001449,8001.52,106.0
431490205001450,8573.25,217.0
431490205001451,8540.43,248.0
431490205001452,7958.34,254.0
431490205001453,7822.1,244.0
431490205001454,9261.61,298.0
431490205001455,8618.96,57.0
431490205001456,9692.39,87.0
431490205001457,8329.26,328.0
431490205001458,8514.06,295.0
431490205001459,8371.35,257.0
431490205001460,6693.72,161.0
431490205001461,7131.9,156.0
431490205001462,6041.51,110.0
431490205001463,7579.65,90.0
431490205001464,8388.11,257.0
431490205001465,8130.2,173.0
431490205001466,8666.56,144.0
431490205001467,12240.55,172.0
431490205001468,8557.42,166.0
431490205001469,15261.73,131.0
431490205001470,7031.34,189.0
431490205001471,7539.28,94.0
431490205001472,7179.55,263.0
431490205001473,7759.57,185.0
431490205001474,6914.09,147.0
431490205001475,6337.81,218.0
431490205001476,9702.89,189.0
431490205001477,17762.59,358.0
431490205001478,7392.51,81.0
431490205001479,12204.96,289.0
431490205001480,10375.29,349.0
431490205001481,10065.84,78.0
431490205001482,9935.2,148.0
431490205001483,17847.46,261.0
431490205001484,17124.75,198.0
431490205001486,20561.64,282.0
431490205001487,14920.92,278.0
431490205001488,5034.12,181.0
431490205001489,7260.93,193.0
431490205001490,7488.31,254.0
431490205001491,9518.46,323.0
431490205001492,6434.22,60.0
431490205001493,20314.84,179.0
431490205001494,16854.63,303.0
431490205001495,21089.46,314.0
431490205001496,18705.39,262.0
431490205001497,17972.25,232.0
431490205001498,18365.71,279.0
431490205001499,14229.86,201.0
431490205001500,17733.55,270.0
431490205001501,16624.68,308.0
431490205001502,11847.63,248.0
431490205001503,11808.18,181.0
431490205001504,11111.5,237.0
431490205001505,10831.06,188.0
431490205001506,9511.36,177.0
431490205001507,10226.08,197.0
431490205001508,10686.25,294.0
431490205001509,10048.42,281.0
431490205001510,9459.34,346.0
431490205001511,9443.6,318.0
431490205001512,10152.4,282.0
431490205001513,12088.39,176.0
431490205001514,10159.62,152.0
431490205001515,10252.6,224.0
431490205001516,13663.97,314.0
431490205001517,14503.11,253.0
431490205001518,10959.41,196.0
431490205001519,21805.35,324.0
431490205001520,12581.61,177.0
431490205001521,8695.51,276.0
431490205001522,17619.99,279.0
431490205001523,12240.81,310.0
431490205001524,9850.32,226.0
431490205001525,11327.7,278.0
431490205001526,14845.39,134.0
431490205001527,16423.74,249.0
431490205001528,27171.05,259.0
431490205001529,11333.58,128.0
431490205001530,15285.31,253.0
431490205001531,12859.51,262.0
431490205001532,12547.46,240.0
431490205001533,16396.15,161.0
431490205001534,12178.33,275.0
431490205001535,20953.16,159.0
431490205001537,15360.0,141.0
431490205001538,11310.37,192.0
431490205001539,12738.4,186.0
431490205001540,14979.16,275.0
431490205001541,6972.45,225.0
431490205001542,9711.2,301.0
431490205001543,9527.34,208.0
431490205001544,7115.54,216.0
431490205001545,8880.76,158.0
431490205001546,9366.94,226.0
431490205001547,5245.85,177.0
431490205001548,11767.89,289.0
431490205001550,8926.69,151.0
431490205001551,7024.52,112.0
431490205001552,10016.86,175.0
431490205001553,10299.35,225.0
431490205001554,9955.56,249.0
431490205001555,9581.5,266.0
431490205001556,5738.64,145.0
431490205001557,10124.51,285.0
431490205001558,24255.57,154.0
431490205001559,6968.72,254.0
431490205001560,9407.28,235.0
431490205001561,11030.63,327.0
431490205001562,11923.65,307.0
431490205001563,6841.96,182.0
431490205001564,16179.32,409.0
431490205001565,8974.61,231.0
431490205001566,7622.9,303.0
431490205001568,7717.46,289.0
431490205001569,10780.85,274.0
431490205001570,7584.94,312.0
431490205001571,5781.62,159.0
431490205001572,8086.02,324.0
431490205001573,15612.51,240.0
431490205001574,4907.79,148.0
431490205001575,5995.8,214.0
431490205001576,7718.36,211.0
431490205001577,7567.29,131.0
431490205001578,8483.18,150.0
431490205001579,6585.66,278.0
431490205001580,5754.02,154.0
431490205001582,7883.36,201.0
431490205001583,5449.58,235.0
431490205001584,8905.1,232.0
431490205001585,6431.11,339.0
431490205001586,5636.94,250.0
431490205001587,8250.98,399.0
431490205001588,4766.5,210.0
431490205001589,3215.44,66.0
431490205001590,5585.18,161.0
431490205001591,8520.65,341.0
431490205001592,4087.6,95.0
431490205001593,4961.22,224.0
431490205001594,5130.58,102.0
431490205001595,4094.75,220.0
431490205001596,4194.62,15.0
431490205001597,2632.26,31.0
431490205001599,3123.63,83.0
431490205001601,3502.28,152.0
431490205001602,10969.14,258.0
431490205001603,3032.13,148.0
431490205001604,4867.79,109.0
431490205001605,6507.78,317.0
431490205001606,3853.6,252.0
431490205001607,4229.71,102.0
431490205001608,3269.06,55.0
431490205001609,6884.0,229.0
431490205001610,7809.01,95.0
431490205001611,4256.17,130.0
431490205001612,3608.05,273.0
431490205001613,4621.75,278.0
431490205001614,3306.3,189.0
431490205001615,3009.25,253.0
431490205001616,4323.0,223.0
431490205001617,3399.87,179.0
431490205001618,3740.2,133.0
431490205001619,3189.46,264.0
431490205001620,3936.68,185.0
431490205001621,3376.61,288.0
431490205001622,3855.15,177.0
431490205001623,4016.56,142.0
431490205001624,3481.61,162.0
431490205001625,4807.16,181.0
431490205001626,4975.13,271.0
431490205001627,6275.66,289.0
431490205001628,5884.93,145.0
431490205001630,4453.52,296.0
431490205001631,8778.8,272.0
431490205001632,6486.8,201.0
431490205001633,6589.14,214.0
431490205001636,4427.37,125.0
431490205001637,3903.66,272.0
431490205001638,11565.38,26.0
431490205001639,4272.41,180.0
431490205001640,3832.22,208.0
431490205001641,3828.98,287.0
431490205001642,8563.28,330.0
431490205001643,8274.52,243.0
431490205001644,12594.27,197.0
431490205001647,15398.72,255.0
431490205001648,12980.57,317.0
431490205001649,16896.05,82.0
431490205001650,8769.62,319.0
431490205001652,9896.06,197.0
431490205001653,7178.66,160.0
431490205001654,9848.74,314.0
431490205001655,10505.91,250.0
431490205001656,10661.65,224.0
431490205001657,15316.51,252.0
431490205001658,12862.95,242.0
431490205001659,13478.81,315.0
431490205001660,19354.69,369.0
431490205001661,12810.55,145.0
431490205001662,12177.01,173.0
431490205001663,14365.06,107.0
431490205001664,7764.76,139.0
431490205001665,14107.64,158.0
431490205001666,12615.99,215.0
431490205001667,13589.52,264.0
431490205001668,11744.59,200.0
431490205001669,12596.28,267.0
431490205001670,10647.66,142.0
431490205001671,7662.02,416.0
431490205001672,8420.34,308.0
431490205001673,9545.87,202.0
431490205001674,7221.05,261.0
431490205001675,2925.25,44.0
431490205001676,4080.38,128.0
431490205001677,2762.09,197.0
431490205001678,3013.71,144.0
431490205001679,3378.18,88.0
431490205001680,3131.08,236.0
431490205001681,1830.97,170.0
431490205001682,1827.65,139.0
431490205001683,2487.79,138.0
431490205001684,3166.25,150.0
431490205001685,2512.23,181.0
431490205001686,6483.44,203.0
431490205001687,2722.63,170.0
431490205001688,3120.96,204.0
431490205001689,2957.18,198.0
431490205001690,2989.85,196.0
431490205001691,4305.71,185.0
431490205001692,3791.38,245.0
431490205001693,3899.78,150.0
431490205001694,6616.21,171.0
431490205001695,4661.37,105.0
431490205001696,3726.9,215.0
431490205001697,4520.34,118.0
431490205001698,5284.57,199.0
431490205001699,4640.34,155.0
431490205001700,3729.04,205.0
431490205001701,4127.1,180.0
431490205001702,3732.48,290.0
431490205001704,1929.34,119.0
431490205001706,5602.1,256.0
431490205001707,3476.78,265.0
431490205001708,3778.79,112.0
431490205001709,3389.2,208.0
431490205001710,4487.35,248.0
431490205001711,5204.05,140.0
431490205001712,5943.57,213.0
431490205001713,5326.79,136.0
431490205001714,4953.9,75.0
431490205001715,6167.59,159.0
431490205001716,4359.53,97.0
431490205001717,4678.08,183.0
431490205001718,3928.3,116.0
431490205001719,3870.32,236.0
431490205001720,5600.51,188.0
431490205001721,27630.91,174.0
431490205001722,5544.84,183.0
431490205001723,5178.94,177.0
431490205001724,10337.24,164.0
431490205001725,3469.48,261.0
431490205001726,3401.61,236.0
431490205001727,3072.88,247.0
431490205001728,6966.31,244.0
431490205001729,6483.74,159.0
431490205001730,5908.73,172.0
431490205001731,5794.14,223.0
431490205001732,6238.54,336.0
431490205001733,4594.63,155.0
431490205001734,3962.15,217.0
431490205001735,4514.56,201.0
431490205001736,4784.16,263.0
431490205001737,8042.64,209.0
431490205001739,5133.41,249.0
431490205001740,5069.15,302.0
431490205001741,6484.8,286.0
431490205001742,5014.24,152.0
431490205001743,4817.28,238.0
431490205001744,9140.38,106.0
431490205001745,5088.85,205.0
431490205001746,5885.86,180.0
431490205001747,4739.13,166.0
431490205001748,6193.34,266.0
431490205001749,6297.76,235.0
431490205001750,26668.57,145.0
431490205001751,4345.95,163.0
431490205001752,6697.05,161.0
431490205001753,6910.56,217.0
431490205001754,3283.01,157.0
431490205001755,4320.01,250.0
431490205001756,4901.42,175.0
431490205001757,3696.77,125.0
431490205001758,4959.29,271.0
431490205001759,6004.04,306.0
431490205001760,5302.06,183.0
431490205001761,4270.04,248.0
431490205001762,5029.61,355.0
431490205001764,5516.74,271.0
431490205001765,5002.52,201.0
431490205001766,5471.82,253.0
431490205001767,5216.18,175.0
431490205001768,6385.96,283.0
431490205001769,4426.49,249.0
431490205001770,4376.82,244.0
431490205001771,3448.98,49.0
431490205001772,3302.63,135.0
431490205001773,3618.99,255.0
431490205001774,2911.8,201.0
431490205001775,3715.76,271.0
431490205001776,8155.89,194.0
431490205001777,9890.67,210.0
431490205001778,8590.68,211.0
431490205001779,9748.4,168.0
431490205001781,11067.5,215.0
431490205001782,10382.53,199.0
431490205001783,8770.11,232.0
431490205001784,3171.88,258.0
431490205001785,9026.47,278.0
431490205001786,9295.81,225.0
431490205001787,4827.68,267.0
431490205001788,3599.82,179.0
431490205001789,4380.17,116.0
431490205001790,4219.03,142.0
431490205001791,5123.76,162.0
431490205001792,4689.32,159.0
431490205001793,5751.46,274.0
431490205001794,5412.92,137.0
431490205001795,5632.97,182.0
431490205001796,3553.93,190.0
431490205001797,5149.19,145.0
431490205001799,5081.85,333.0
431490205001800,5667.67,264.0
431490205001801,6197.74,186.0
431490205001802,7717.81,221.0
431490205001803,7582.32,280.0
431490205001804,5872.33,185.0
431490205001805,6996.07,84.0
431490205001806,7539.17,215.0
431490205001807,2030.48,49.0
431490205001808,2862.93,218.0
431490205001809,3149.89,287.0
431490205001810,8432.34,209.0
431490205001811,8437.94,175.0
431490205001812,8825.49,186.0
431490205001813,4819.65,171.0
431490205001814,4783.08,176.0
431490205001815,4218.95,167.0
431490205001816,4168.44,226.0
431490205001817,4226.24,196.0
431490205001818,7046.65,236.0
431490205001819,4710.0,474.0
431490205001820,9739.92,216.0
431490205001821,3831.0,216.0
431490205001822,2725.26,175.0
431490205001824,4052.65,160.0
431490205001825,4281.78,153.0
431490205001826,4279.15,156.0
431490205001827,4849.45,145.0
431490205001829,3833.58,257.0
431490205001830,4631.34,193.0
431490205001832,3712.13,206.0
431490205001833,3604.72,196.0
431490205001834,5364.88,237.0
431490205001835,3383.28,254.0
431490205001836,3671.5,233.0
431490205001837,1760.43,81.0
431490205001838,6017.79,165.0
431490205001839,3547.43,243.0
431490205001840,3869.55,246.0
431490205001841,4372.23,137.0
431490205001842,3621.73,268.0
431490205001843,3762.28,194.0
431490205001844,4063.33,91.0
431490205001845,4210.79,231.0
431490205001846,1404.33,108.0
431490205001847,1105.24,72.0
431490205001848,882.6,78.0
431490205001849,1930.38,218.0
431490205001850,1777.25,228.0
431490205001851,1796.01,319.0
431490205001852,2061.37,237.0
431490205001853,2619.35,247.0
431490205001854,3228.35,151.0
431490205001855,3048.3,106.0
431490205001856,2199.78,82.0
431490205001857,2367.91,188.0
431490205001858,2526.93,200.0
431490205001859,2334.67,124.0
431490205001860,1881.45,267.0
431490205001861,1801.87,229.0
431490205001862,1844.36,245.0
431490205001863,2619.4,129.0
431490205001864,2564.23,147.0
431490205001865,2717.96,129.0
431490205001866,2301.44,116.0
431490205001869,1429.03,279.0
431490205001870,2022.35,232.0
431490205001871,2082.14,65.0
431490205001872,1990.04,54.0
431490205001873,3370.92,397.0
431490205001874,2702.26,209.0
431490205001875,2865.89,140.0
431490205001876,3235.9,127.0
431490205001877,2597.95,169.0
431490205001878,3027.48,240.0
431490205001879,1894.0,254.0
431490205001880,2348.03,191.0
431490205001881,1373.02,154.0
431490205001882,1517.5,100.0
431490205001883,1492.97,155.0
431490205001884,2190.13,184.0
431490205001885,1512.35,158.0
431490205001886,1920.46,167.0
431490205001887,1829.3,125.0
431490205001888,3065.19,195.0
431490205001889,3015.5,180.0
431490205001890,3364.9,231.0
431490205001891,3393.33,36.0
431490205001892,1597.0,369.0
431490205001893,1706.95,164.0
431490205001894,1482.53,176.0
431490205001895,1504.5,220.0
431490205001896,2157.58,131.0
431490205001897,2208.52,221.0
431490205001898,2045.22,178.0
431490205001899,2257.62,143.0
431490205001900,2030.11,155.0
431490205001901,1732.45,186.0
431490205001902,1536.96,129.0
431490205001904,10116.92,413.0
431490205001905,3030.89,208.0
431490205001906,2914.11,63.0
431490205001907,3487.87,69.0
431490205001908,2053.14,151.0
431490205001909,2424.33,133.0
431490205001910,2251.06,123.0
431490205001911,3088.07,141.0
431490205001912,3587.51,195.0
431490205001913,2913.0,149.0
431490205001914,3083.71,167.0
431490205001915,4288.34,88.0
431490205001917,3120.92,155.0
431490205001918,4239.04,211.0
431490205001919,4604.61,181.0
431490205001920,7453.65,250.0
431490205001921,4880.6,186.0
431490205001922,5433.17,185.0
431490205001924,3017.38,126.0
431490205001926,5560.57,265.0
431490205001927,3717.7,290.0
431490205001928,3633.17,207.0
431490205001929,2860.85,122.0
431490205001930,3668.26,219.0
431490205001931,3758.74,257.0
431490205001932,3978.34,207.0
431490205001933,4511.75,89.0
431490205001934,3765.2,179.0
431490205001935,4166.83,217.0
431490205001936,5746.29,185.0
431490205001937,4554.48,133.0
431490205001938,4372.78,209.0
431490205001939,4709.6,196.0
431490205001940,1952.19,234.0
431490205001941,1985.53,229.0
431490205001943,2750.13,156.0
431490205001944,2412.77,167.0
431490205001945,2703.05,158.0
431490205001947,1462.34,145.0
431490205001948,1394.5,121.0
431490205001949,1527.38,309.0
431490205001950,2015.99,262.0
431490205001951,2336.75,317.0
431490205001952,1613.54,292.0
431490205001953,1846.46,274.0
431490205001954,1996.76,260.0
431490205001955,2056.07,213.0
431490205001956,2154.91,237.0
431490205001958,2658.75,236.0
431490205001959,2331.51,209.0
431490205001960,2380.98,263.0
431490205001961,2197.14,178.0
431490205001962,1801.64,165.0
431490205001964,1765.51,148.0
431490205001965,2145.94,128.0
431490205001966,2201.58,180.0
431490205001967,2202.99,318.0
431490205001968,2561.4,212.0
431490205001970,2624.9,159.0
431490205001971,2018.18,239.0
431490205001972,1689.93,290.0
431490205001973,1928.94,180.0
431490205001974,1761.24,293.0
431490205001975,1656.8,314.0
431490205001976,2073.28,274.0
431490205001977,1842.35,215.0
431490205001978,1623.22,226.0
431490205001979,1610.66,221.0
431490205001980,2002.95,241.0
431490205001981,2426.5,320.0
431490205001982,2197.19,258.0
431490205001983,3028.01,108.0
431490205001984,2428.32,425.0
431490205001985,4662.52,93.0
431490205001986,3176.98,152.0
431490205001987,3535.89,188.0
431490205001988,2767.11,147.0
431490205001989,2566.6,181.0
431490205001990,2716.49,193.0
431490205001991,2078.23,245.0
431490205001992,2462.79,265.0
431490205001993,2375.16,166.0
431490205001994,2330.63,267.0
431490205001995,2949.41,304.0
431490205001996,2062.68,188.0
431490205001997,4888.18,182.0
431490205001999,3217.54,253.0
431490205002001,3702.46,114.0
431490205002002,4791.93,171.0
431490205002003,2333.57,198.0
431490205002004,2817.3,93.0
431490205002005,2776.16,174.0
431490205002006,2178.37,109.0
431490205002007,2433.02,153.0
431490205002008,2794.26,219.0
431490205002009,4086.13,175.0
431490205002010,4934.18,154.0
431490205002011,3524.99,278.0
431490205002013,3966.14,173.0
431490205002014,2244.16,160.0
431490205002015,4204.08,212.0
431490205002016,2965.81,107.0
431490205002018,2380.32,132.0
431490205002019,2074.57,519.0
431490205002020,2333.61,235.0
431490205002021,2295.86,209.0
431490205002022,2028.96,200.0
431490205002023,2166.96,209.0
431490205002024,2147.28,209.0
431490205002025,2111.86,240.0
431490205002026,1687.24,103.0
431490205002027,1987.13,253.0
431490205002028,1893.45,226.0
431490205002029,1659.01,243.0
431490205002030,1711.38,214.0
431490205002031,1898.27,209.0
431490205002032,1861.92,215.0
431490205002033,1867.28,264.0
431490205002034,1851.02,213.0
431490205002035,1611.76,110.0
431490205002036,1672.52,200.0
431490205002037,1948.19,266.0
431490205002038,1680.68,252.0
431490205002039,1718.75,183.0
431490205002040,1564.94,108.0
431490205002041,1316.08,288.0
431490205002042,1727.2,222.0
431490205002043,1376.24,396.0
431490205002046,1519.15,299.0
431490205002048,2271.66,194.0
431490205002049,1542.66,267.0
431490205002050,2152.58,257.0
431490205002051,1860.76,150.0
431490205002053,1992.4,212.0
431490205002054,1648.42,224.0
431490205002056,1764.05,221.0
431490205002058,1419.29,157.0
431490205002059,2087.19,168.0
431490205002060,1626.88,173.0
431490205002061,1588.95,188.0
431490205002062,1835.95,249.0
431490205002063,1583.94,225.0
431490205002064,1741.72,285.0
431490205002065,1768.09,246.0
431490205002066,2129.65,205.0
431490205002067,3308.71,391.0
431490205002070,1432.06,134.0
431490205002072,1543.63,767.0
431490205002073,2742.77,288.0
431490205002075,1962.0,239.0
431490205002076,2298.25,248.0
431490205002077,2774.21,206.0
431490205002078,2172.92,239.0
431490205002080,2990.62,102.0
431490205002081,2025.39,137.0
431490205002082,2409.68,232.0
431490205002083,2841.98,240.0
431490205002084,2887.71,288.0
431490205002085,2343.26,245.0
431490205002086,2396.43,276.0
431490205002087,2674.68,273.0
431490205002088,2805.75,279.0
431490205002089,2587.24,185.0
431490205002090,2667.95,196.0
431490205002091,3089.94,185.0
431490205002092,3161.84,178.0
431490205002093,3102.9,168.0
431490205002094,2824.69,165.0
431490205002095,2780.9,204.0
431490205002096,2204.45,223.0
431490205002098,2642.37,201.0
431490205002099,3201.27,239.0
431490205002100,2828.98,184.0
431490205002101,3248.2,194.0
431490205002102,2596.9,242.0
431490205002103,2574.9,251.0
431490205002104,2514.94,236.0
431490205002105,2331.05,177.0
431490205002106,3013.25,227.0
431490205002107,4205.48,110.0
431490205002108,4523.39,151.0
431490205002109,3220.7,179.0
431490205002110,3147.11,198.0
431490205002111,4946.45,176.0
431490205002112,4914.6,270.0
431490205002114,2072.79,271.0
431490205002115,2739.46,245.0
431490205002118,1776.34,252.0
431490205002119,1985.09,426.0
431490205002121,2130.72,175.0
431490205002122,7815.76,50.0
431490205002123,6218.28,139.0
431490205002124,1880.58,14.0
431490205002125,4871.68,228.0
431490205002126,5019.92,279.0
431490205002127,4528.53,226.0
431490205002128,4367.67,137.0
431490205002129,2662.49,141.0
431490205002130,2835.92,193.0
431490205002131,2683.38,197.0
431490205002132,4506.1,142.0
431490205002133,4113.23,155.0
431490205002134,3523.37,209.0
431490205002135,3035.21,200.0
431490205002136,2445.3,281.0
431490205002137,964.11,113.0
431490205002138,996.76,39.0
431490205002139,1327.31,17.0
431490205002143,,
431490205002148,1991.03,156.0
431490205002149,3358.55,99.0
431490205002150,2235.43,115.0
431490205002151,1893.38,201.0
431490205002152,2419.47,152.0
431490205002153,2056.28,166.0
431490205002154,2221.82,179.0
431490205002155,1597.34,336.0
431490205002158,3809.55,101.0
431490205002159,5121.52,202.0
431490205002163,6290.36,241.0
431490205002164,6152.44,195.0
431490205002167,8547.73,163.0
431490205002168,9596.35,313.0
431490205002169,2259.35,130.0
431490205002170,1357.09,270.0
431490205002171,6220.81,333.0
431490205002172,6251.14,186.0
431490205002173,4769.66,178.0
431490205002174,5139.23,161.0
431490205002175,6767.0,147.0
431490205002176,2624.88,226.0
431490205002177,9948.0,186.0
431490205002178,11980.88,139.0
431490205002179,19799.85,158.0
431490205002180,11395.77,232.0
431490205002181,13600.27,170.0
431490205002182,8996.08,214.0
431490205002183,1574.59,227.0
431490205002184,8066.61,449.0
431490205002185,2104.5,311.0
431490205002186,1788.44,171.0
431490205002187,13655.61,140.0
431490205002188,1593.99,230.0
431490205002189,2069.31,161.0
431490205002190,1602.45,356.0
431490205002191,1550.36,368.0
431490205002192,1343.37,344.0
431490205002193,2086.24,288.0
431490205002194,1349.03,186.0
431490205002195,1873.08,309.0
431490205002196,1425.35,276.0
431490205002197,2421.42,256.0
431490205002199,2186.4,204.0
431490205002200,2977.37,222.0
431490205002201,2035.91,476.0
431490205002206,2090.54,499.0
431490205002207,2160.25,332.0
431490205002208,3770.99,165.0
431490205002209,5928.39,202.0
431490205002210,14557.1,275.0
431490205002213,9090.0,355.0
431490205002214,1269.29,349.0
431490205002215,1606.58,210.0
431490205002216,2046.14,156.0
431490205002219,7693.47,145.0
431490205002220,14866.56,200.0
431490205002221,10827.37,149.0
431490205002224,11072.53,246.0
431490205002225,8701.49,195.0
431490205002226,16412.69,338.0
431490205002227,9358.02,228.0
431490205002229,12950.14,174.0
431490205002230,8458.5,190.0
431490205002231,19239.4,281.0
431490205002232,13589.5,242.0
431490205002233,6584.22,216.0
431490205002234,10214.4,212.0
431490205002235,12952.08,172.0
431490205002236,14587.49,232.0
431490205002237,15840.71,253.0
431490205002238,17988.79,253.0
431490205002239,18191.02,222.0
431490205002240,9876.14,221.0
431490205002242,8379.85,104.0
431490205002243,1597.55,162.0
431490205002244,6055.05,132.0
431490205002245,3384.85,117.0
431490205002246,3193.15,133.0
431490205002247,1942.1,211.0
431490205002248,1579.97,261.0
431490205002249,3469.15,158.0
431490205002250,10962.91,307.0
431490205002251,2502.87,249.0
431490205002252,3078.43,331.0
431490205002253,2287.85,156.0
431490205002254,1409.43,208.0
431490205002255,5714.25,288.0
431490205002256,1894.58,300.0
431490205002257,10771.35,142.0
431490205002258,44895.68,200.0
431490205002259,20209.55,201.0
431490205002260,14086.56,111.0
431490205002261,22171.85,308.0
431490205002262,18198.4,436.0
431490205002263,13429.73,115.0
431490205002264,16731.57,322.0
431490205002265,2329.0,229.0
431490205002266,2511.23,432.0
431490205002267,10611.88,196.0
431490205002268,10796.76,401.0
431490205002269,7734.1,245.0
431490205002272,12083.69,186.0
431490205002273,3541.24,150.0
431490205002274,9098.57,202.0
431490205002275,6737.78,276.0
431490205002276,8718.15,225.0
431490205002278,5733.34,234.0
431490205002282,1570.13,246.0
431490205002283,8516.17,217.0
431490205002284,3221.65,352.0
431490205002285,3035.14,302.0
431490205002286,1870.18,326.0
431490205002287,2863.03,151.0
431490205002288,2796.89,170.0
431490205002289,2537.36,153.0
431490205002290,2784.42,162.0
431490205002291,2870.44,130.0
431490205002292,2713.43,200.0
431490205002293,8664.35,192.0
431490205002294,8909.91,158.0
431490205002295,9141.5,172.0
431490205002296,6936.11,176.0
431490205002297,8393.76,171.0
431490205002298,6812.71,177.0
431490205002299,8401.13,249.0
431490205002301,4129.29,128.0
431490205002302,3905.18,171.0
431490205002305,2767.73,322.0
431490205002306,5709.15,208.0
431490205002307,7949.92,217.0
431490205002308,1717.79,236.0
431490205002309,9410.04,287.0
431490205002311,7195.32,365.0
431490205002312,2418.52,230.0
431490205002313,1514.06,396.0
431490205002315,1860.82,192.0
431490205002316,8010.85,164.0
431490205002317,1787.37,270.0
431490205002318,4358.69,573.0
431490205002319,3026.56,117.0
431490205002320,18513.52,213.0
431490205002321,2814.76,196.0
431490205002324,1419.6,271.0
431490205002325,1251.19,220.0
431490205002326,3109.35,233.0
431490205002329,1705.19,108.0
431490205002330,1615.49,144.0
431490205002331,1669.71,140.0
431490205002332,2881.67,346.0
431490205002334,2518.73,172.0
431490205002335,2926.54,265.0
431490205002337,1361.5,246.0
431490205002341,1257.61,182.0
431490205002342,1422.4,224.0
431490205002343,7188.81,192.0
431490205002344,7220.4,191.0
431490205002345,7974.93,201.0
431490205002346,8019.94,186.0
431490205002347,7193.58,183.0
431490205002348,17088.82,217.0
431490205002349,5407.29,64.0
431490205002351,1447.48,93.0
431490205002352,1403.66,91.0
431490205002353,2382.36,45.0
431490205002354,1185.47,51.0
431490205002355,1589.83,42.0
431490205002356,1491.67,127.0
431490205002357,2488.1,60.0
431490205002358,1413.08,55.0
431490205002359,1360.59,159.0
431490205002360,1029.54,93.0
431490205002361,1123.53,139.0
431490205002363,1707.57,73.0
431490205002364,1704.64,157.0
431490205002365,1592.79,168.0
431490205002366,1489.87,331.0
431490205002368,13522.63,197.0
431490205002369,8670.36,233.0
431490205002370,2685.67,138.0
431490205002371,6754.96,243.0
431490205002372,1550.43,246.0
431490205002374,2075.72,381.0
431490205002375,1562.79,468.0
431490205002376,11687.75,222.0
431490205002378,1346.3,263.0
431490205002379,1618.79,311.0
431490205002380,2080.93,287.0
431490205002382,1913.68,340.0
431490205002385,8395.32,272.0
431490205002386,9898.07,386.0
431490205002387,4738.67,247.0
431490205002388,8971.33,338.0
431490205002389,7456.05,207.0
431490205002390,1715.72,553.0
431490205002391,1651.47,481.0
431490205002392,13336.17,176.0
431490205002393,6376.13,227.0
431490205002394,5531.21,133.0
431490205002395,2301.67,101.0
431490205002396,7123.74,326.0
431490205002398,1426.23,443.0
431490205002399,1653.95,205.0
431490205002400,10822.45,316.0
431490205002401,1832.0,263.0
431490205002402,15260.0,215.0
431490205002403,5938.51,146.0
431490205002404,10662.79,301.0
431490205002405,4811.67,98.0
431490205002406,1955.36,176.0
431490205002407,1572.24,171.0
431490205002408,1772.54,125.0
431490205002409,1627.2,171.0
431490205002410,1360.24,130.0
431490205002411,1902.88,164.0
431490205002412,1576.25,168.0
431490205002413,1615.22,121.0
431490205002414,2384.6,233.0
431490205002415,3728.37,127.0
431490205002416,1712.15,135.0
431490205002417,1659.98,184.0
431490205002418,1381.53,271.0
431490205002419,1467.82,137.0
431490205002420,1551.33,147.0
431490205002421,6668.48,168.0
431490205002422,8625.37,208.0
431490205002423,2009.73,409.0
431490205002426,3772.59,447.0
431490205002427,3878.33,424.0
431490205002428,4050.64,316.0
431490205002429,4291.91,281.0
431490205002430,9086.42,259.0
431490205002431,11199.75,355.0
431490205002432,2297.79,312.0
431490205002433,1680.73,496.0
431490205002434,3362.36,129.0
431490205002435,1657.08,114.0
431490205002436,4107.42,173.0
431490205002437,2577.91,70.0
431490205002438,2551.39,57.0
431490205002439,3329.58,152.0
431490205002440,2758.09,70.0
431490205002441,2017.43,91.0
431490205002442,1792.29,219.0
431490205002443,1728.41,237.0
431490205002444,1687.98,239.0
431490205002445,1641.54,102.0
431490205002446,1556.63,89.0
431490205002447,1698.23,107.0
431490205002448,4264.6,112.0
431490205002449,1915.23,226.0
431490205002450,1342.46,168.0
431490205002451,3343.14,46.0
431490205002452,2188.66,141.0
431490205002453,17267.34,204.0
431490205002454,25316.26,143.0
431490205002455,1654.61,23.0
431490205002456,7371.49,230.0
431490205002457,1842.18,35.0
431490205002458,2654.13,97.0
431490205002459,1808.49,60.0
431490205002460,2166.76,195.0
431490205002461,3357.0,182.0
431490205002462,1931.7,417.0
431490205002463,5624.33,363.0
431490205002464,3236.18,173.0
431490205002465,2330.58,49.0
431490205002466,1449.34,151.0
431490205002467,16857.21,201.0
431490205002468,22790.71,142.0
431490205002469,7336.55,98.0
431490205002470,11051.7,340.0
431490205002471,12643.53,158.0
431490205002472,13215.75,280.0
431490205002473,2413.99,184.0
431490205002474,1262.16,160.0
431490205002475,1858.11,91.0
431490205002476,1734.07,188.0
431490205002477,1705.08,176.0
431490205002478,19896.51,352.0
431490205002479,28192.61,352.0
431490205002480,7978.55,214.0
431490205002482,1791.21,104.0
431490205002483,3103.05,108.0
431490205002484,1740.94,136.0
431490205002485,3501.61,323.0
431490205002486,8809.0,184.0
431490205002487,2834.35,69.0
431490205002488,1739.1,56.0
431490205002489,2905.66,67.0
431490205002490,6310.91,102.0
431490205002491,7465.04,149.0
431490205002492,8003.91,44.0
431490205002493,4648.72,199.0
431490205002494,7516.72,117.0
431490205002495,7299.61,265.0
431490205002496,7567.37,398.0
431490205002497,4200.62,221.0
431490205002500,7217.06,337.0
431490205002501,4238.01,278.0
431490205002502,2967.38,66.0
431490205002503,9085.63,532.0
431490205002504,2273.53,322.0
431490205002505,2618.59,316.0
431490205002506,1696.12,211.0
431490205002507,2536.4,91.0
431490205002508,5029.07,15.0
431490205002509,2014.25,87.0
431490205002510,1750.84,336.0
431490205002511,1682.37,240.0
431490205002512,1486.0,381.0
431490205002513,4215.16,169.0
431490205002514,3085.23,113.0
431490205002515,17047.16,82.0
431490205002516,5072.47,227.0
431490205002517,2193.54,425.0
431490205002518,2821.25,337.0
431490205002519,6520.4,212.0
431490205002520,6219.42,340.0
431490205002521,9055.24,399.0
431490205002522,10842.69,69.0
431490205002523,13388.62,119.0
431490205002524,8462.29,115.0
431490205002525,5185.88,246.0
431490205002526,9527.99,126.0
431490205002527,4255.53,204.0
431490205002529,4232.0,25.0
431490205002530,7635.07,164.0
431490205002531,3308.73,256.0
431490205002532,3575.7,149.0
431490205002533,15336.2,147.0
431490205002534,2026.54,189.0
431490205002535,8351.3,224.0
431490205002536,8283.91,205.0
431490205002537,12966.55,206.0
431490205002538,13481.31,313.0
431490205002539,8808.02,491.0
431490205002541,12055.26,341.0
431490205002542,6651.7,348.0
431490205002543,4881.62,190.0
431490205002544,7538.27,342.0
431490205002545,9064.81,160.0
431490205002546,10160.3,205.0
431490205002547,8761.66,201.0
431490205002548,18415.06,283.0
431490205002549,1998.53,243.0
431490205002550,2719.74,371.0
431490205002551,4414.88,252.0
431490205002552,6167.68,256.0
431490205002553,5366.16,221.0
431490205002554,8090.39,274.0
431490205002555,1934.24,149.0
431490205002556,3611.01,225.0
431490205002557,2315.76,284.0
431490205002558,2488.89,202.0
431490205002559,2880.09,219.0
431490205002560,3116.88,257.0
431490205002561,5774.22,337.0
431490205002562,6693.4,316.0
431490205002563,4025.63,134.0
431490205002564,5542.17,235.0
431490205002565,4812.09,271.0
431490205002566,4438.34,487.0
431490205002567,2584.64,253.0
431490205002568,2892.89,206.0
431490205002569,1691.83,353.0
431490205002570,1105.01,180.0
431490205002571,1353.59,117.0
431490205002572,6934.47,356.0
431490205002573,6437.95,317.0
431490205002574,6180.92,289.0
431490205002575,8042.86,107.0
431490205002576,11287.21,250.0
431490205002577,8260.33,132.0
431490205002578,3036.99,198.0
431490205002579,12216.58,479.0
431490205002580,10913.06,324.0
431490205002581,10889.24,172.0
431490205002582,10192.48,278.0
431490205002583,23927.6,251.0
431490205002584,20087.09,147.0
431490205002585,6661.82,406.0
431490205002586,6829.71,248.0
431490205002587,10461.35,549.0
431490205002588,12890.7,116.0
431490205002589,2270.63,232.0
431490205002590,2256.46,223.0
431490205002591,3399.55,228.0
431490205002592,3517.04,298.0
431490205002593,1468.54,344.0
431490205002594,1354.79,398.0
431490205002595,3428.02,280.0
431490205002596,3659.1,214.0
431490205002597,5674.64,231.0
431490205002598,2246.91,185.0
431490205002599,2780.65,179.0
431490205002600,5840.11,249.0
431490205002601,4897.08,209.0
431490205002602,4081.66,199.0
431490205002603,3607.28,262.0
431490205002604,22317.12,247.0
431490205002605,18152.37,177.0
431490205002606,2896.91,176.0
431490205002607,4712.27,258.0
431490205002608,1625.83,193.0
431490205002609,1141.46,369.0
431490205002610,2268.55,363.0
431490205002611,2264.39,263.0
431490205002612,2794.61,135.0
431490205002613,2353.74,203.0
431490205002614,4326.66,296.0
431490205002615,2722.06,385.0
431490205002616,2729.53,430.0
431490205002617,16866.59,331.0
431490205002618,17920.46,326.0
431490205002619,22940.05,278.0
431490205002620,3591.99,299.0
431490205002621,3027.41,205.0
431490205002622,10603.07,423.0
431490205002623,13089.23,497.0
431490205002624,12471.85,290.0
431490205002625,9676.75,387.0
431490205002626,8334.26,248.0
431490205002627,4680.13,409.0
431490205002628,2013.5,289.0
431490205002629,1275.72,51.0
431490205002630,1193.35,187.0
431490205002631,7178.23,237.0
431490205002632,9960.1,208.0
431490205002633,1783.13,241.0
431490205002634,1850.91,197.0
431490205002635,1601.35,313.0
431490205002636,1650.44,514.0
431490205002637,1594.38,189.0
431490205002638,7374.21,316.0
431490205002639,8634.14,185.0
431490205002640,2453.93,112.0
431490205002641,1693.83,166.0
431490205002642,1389.15,667.0
431490205002643,8116.08,170.0
431490205002644,9175.86,150.0
431490205002646,2094.43,272.0
431490205002647,2947.58,130.0
431490205002648,1439.45,306.0
431490205002649,1346.14,339.0
431490205002650,1623.25,179.0
431490205002651,1420.65,135.0
431490205002652,1873.0,81.0
431490205002653,2081.3,160.0
431490205002654,1343.54,195.0
431490205002655,1351.21,257.0
431490205002656,1341.91,241.0
431490205002657,1964.24,158.0
431490205002658,1793.45,274.0
431490205002659,3063.31,200.0
431490205002660,7460.28,202.0
431490205002661,10230.42,361.0
431490205002663,1712.86,306.0
431490205002664,2345.92,258.0
431490205002665,1528.5,169.0
431490205002666,1325.13,241.0
431490205002667,1875.63,156.0
431490205002668,1451.58,195.0
431490205002670,2636.23,159.0
431490205002671,2745.18,229.0
431490205002672,1907.29,169.0
431490205002673,1439.91,274.0
431490205002674,3487.02,263.0
431490205002675,1194.06,362.0
431490205002676,1303.72,69.0
431490205002677,2277.16,371.0
431490205002678,2226.13,249.0
431490205002679,2514.86,363.0
431490205002680,2299.06,232.0
431490205002681,1845.94,193.0
431490205002682,2462.52,236.0
431490205002684,1502.61,158.0
431490205002685,1291.82,528.0
431490205002686,1348.26,317.0
431490205002687,1669.88,104.0
431490205002688,1934.09,241.0
431490205002689,2544.31,406.0
431490205002691,3626.46,60.0
431490205002692,1541.18,17.0
431490205002694,,
431490205002696,1690.91,97.0
431490205002697,1855.56,213.0
431490205002698,2735.54,206.0
431490205002699,3283.59,118.0
431490205002700,2238.06,90.0
431490205002701,3098.34,82.0
431490205002702,2165.77,109.0
431490205002703,2174.9,185.0
431490205002704,1995.67,14.0
431490205002705,1454.82,94.0
431490205002707,1597.82,224.0
431490205002708,2030.15,61.0
431490205002709,2128.76,117.0
431490205002710,5681.58,105.0
431490205002711,7176.06,184.0
431490205002712,1939.67,441.0
431490205002713,2880.33,21.0
431490205002714,3459.61,135.0
431490205002715,6094.8,123.0
431490205002716,14675.96,243.0
431490205002717,15146.67,15.0
431490205002718,3688.94,135.0
431490205002719,4613.21,133.0
431490205002720,11823.66,131.0
431490205002721,2744.5,95.0
431490205002723,13976.47,87.0
431490205002724,12023.83,478.0
431490205002725,10930.33,314.0
431490205002726,2237.4,30.0
431490205002727,1595.5,80.0
431490205002728,1708.22,308.0
431490205002729,4844.25,140.0
431490205002730,2777.32,230.0
431490205002731,2831.77,184.0
431490205002732,1734.65,297.0
431490205002733,1507.66,275.0
431490205002734,5439.97,235.0
431490205002735,5838.64,296.0
431490205002736,4178.47,262.0
431490205002737,8972.55,296.0
431490205002738,7278.03,123.0
431490205002739,564.0,6.0
431490205002741,6678.19,319.0
431490205002742,5393.87,380.0
431490205002743,1664.07,361.0
431490205002744,4841.68,363.0
431490205002745,4960.21,340.0
431490205002746,4804.42,133.0
431490205002748,703.79,22.0
431490205002749,4406.4,459.0
431490205002750,2187.05,247.0
431490205002751,2267.45,64.0
431490205002752,2588.0,366.0
431490205002753,4182.71,231.0
431490205002754,2480.97,189.0
431490205002755,11050.77,212.0
431490205002756,8616.79,142.0
431490205002758,2002.39,219.0
431490205002759,7241.64,141.0
431490205002760,11711.91,372.0
431490205002761,6111.91,140.0
431490205002762,7323.42,317.0
431490205002763,5680.71,244.0
431490205002764,3692.23,107.0
431490205002765,2574.46,263.0
431490205002766,2225.95,134.0
431490205002767,2309.38,181.0
431490205002768,1323.48,550.0
431490205002769,2266.97,160.0
431490205002771,8138.43,262.0
431490205002772,4991.38,236.0
431490205002773,1799.96,141.0
431490205002774,1497.15,374.0
431490205002775,1725.24,260.0
431490205002777,7014.29,345.0
431490205002778,3096.2,53.0
431490205002779,934.62,41.0
431490205002780,15875.0,8.0
431490205002781,8528.47,198.0
431490205002782,9053.42,344.0
431490205002783,7920.95,214.0
431490205002784,8903.97,307.0
431490205002785,8392.23,209.0
431490205002786,11780.95,43.0
431490205002788,12486.09,129.0
431490205002789,10329.67,273.0
431490205002790,16888.24,257.0
431490205002791,9920.57,177.0
431490205002794,9808.59,205.0
431490205002795,8835.1,220.0
431490205002796,14920.29,365.0
431490205002797,10687.23,48.0
431490205002798,7722.9,204.0
431490205002799,6323.31,152.0
431490205002800,8703.34,307.0
431490205002801,2634.6,95.0
431490205002802,16404.02,232.0
431490205002803,3937.32,124.0
431490205002804,5238.8,96.0
431490205002805,1967.75,182.0
431490205002806,3304.4,311.0
431490205002807,7490.9,242.0
431490205002808,8629.19,180.0
431490205002809,6694.06,299.0
431490205002810,6882.72,242.0
431490205002811,2640.69,119.0
431490205002812,4011.35,209.0
431490205002813,3687.58,64.0
431490205002814,7773.4,268.0
431490205002815,3712.28,105.0
431490205002816,4528.1,523.0
431490205002817,3471.37,205.0
431490205002818,2625.61,255.0
431490205002819,1810.02,186.0
431490205002820,2036.46,232.0
431490205002821,1312.15,121.0
431490205002822,3257.4,150.0
431490205002823,1970.8,298.0
431490205002824,3732.89,78.0
431490205002825,1576.38,75.0
431490205002826,2744.58,161.0
431490205002827,2479.91,79.0
431490205002828,1660.6,184.0
431490205002829,4101.09,89.0
431490205002830,6438.26,360.0
431490205002831,7093.24,158.0
431490205002832,4110.89,169.0
431490205002833,3097.07,153.0
431490205002834,,
431490205002835,3702.98,189.0
431490205002836,6254.46,86.0
431490205002837,5972.89,106.0
431490205002838,49759.69,178.0
431490205002839,12896.1,282.0
431490205002840,4962.98,291.0
431490205002841,5917.87,172.0
431490205002842,2073.47,328.0
431490205002843,1778.15,191.0
431490205002844,1591.47,280.0
431490205002845,1802.44,227.0
431490205002846,1058.0,12.0
431490205002847,1765.87,114.0
431490205002848,2764.68,71.0
431490205002849,2356.09,85.0
431490205002850,9357.38,57.0
431490205002851,1454.74,54.0
431490205002852,771.2,10.0
431490205002853,2426.05,157.0
431490205002855,2706.58,38.0
431490205002856,1738.83,150.0
431490205002857,1872.32,101.0
431490205002859,1654.66,100.0
431490205002860,1593.41,108.0
431490205002861,2962.03,70.0
431490205002862,2998.21,28.0
431490205002863,1647.71,83.0
431490205002864,1306.0,8.0
431490205002865,1635.89,145.0
431490205002866,1627.82,179.0
431490205002867,2059.49,95.0
431490205002868,1050.0,5.0
431490205002869,500.0,5.0
431490205002870,891.4,11.0
431490205002871,1981.4,151.0
431490205002872,4625.0,20.0
431490205002873,1614.98,208.0
431490205002874,4870.55,30.0
431490205002875,2187.75,308.0
431490205002876,1183.68,25.0
431490205002877,2621.12,181.0
431490205002878,1531.8,98.0
431490205002879,9684.38,185.0
431490205002880,1218.71,177.0
431490205002881,1944.44,10.0
431490205002882,1460.6,169.0
431490205002883,1727.4,113.0
431490205002884,1795.24,27.0
431490205002885,2206.52,23.0
431490205002886,1533.08,139.0
431490205002887,1854.72,136.0
431490205002888,1608.84,132.0
431490205002889,1914.02,146.0
431490205002890,1813.98,45.0
431490205002891,1528.24,219.0
431490205002892,2040.84,46.0
431490205002893,1951.91,50.0
431490205002894,1813.84,102.0
431490205002895,2445.92,214.0
431490205002896,1719.63,91.0
431490205002897,2890.28,169.0
431490205002898,,
431490205002899,2060.4,22.0
431490205002900,3552.38,176.0
431490205002901,1986.7,22.0
431490205002902,2053.36,56.0
431490205002903,1697.48,86.0
431490205002904,1649.83,35.0
431490205002905,2158.5,16.0
431490205002906,1461.63,119.0
431490205002907,3032.37,31.0
431490205002908,,
431490205002909,2081.8,232.0
431490205002911,2076.9,96.0
431490205002912,1495.59,56.0
431490205002913,2076.32,38.0
431490205002914,1472.78,114.0
431490205002915,,
431490205002917,4733.93,289.0
431490205002918,2767.38,157.0
431490205002919,1437.72,138.0
431490205002920,2669.79,37.0
431490205002921,1325.73,183.0
431490205002922,1543.11,218.0
431490205002923,1610.88,172.0
431490205002924,2568.54,219.0
431490205002925,1563.84,100.0
431490205002926,1963.57,194.0
431490205002927,1907.79,66.0
431490205002929,1288.88,242.0
431490205002930,3538.6,23.0
431490205002931,2751.76,131.0
431490205002932,2057.6,102.0
431490205002933,1565.22,113.0
431490205002934,2124.8,5.0
431490205002935,1893.39,168.0
431490205002936,1767.19,405.0
431490205002938,1993.62,57.0
431490205002939,1505.31,156.0
431490205002940,2300.85,84.0
431490205002941,1780.47,44.0
431490205002942,2078.92,67.0
431490205002943,1611.42,77.0
431490205002944,2316.32,89.0
431490205002945,3000.18,60.0
431490205002946,1268.8,31.0
431490205002947,1691.76,129.0
431490205002948,1825.13,107.0
431490205002949,4884.55,23.0
431490205002950,2679.24,78.0
431490205002951,1465.07,42.0
431490205002952,1644.47,176.0
431490205002953,2512.48,170.0
431490205002954,2247.45,78.0
431490205002955,2535.55,229.0
431490205002956,1959.49,77.0
431490205002958,1342.86,9.0
431490205002959,1224.58,198.0
431490205002960,3613.2,440.0
431490205002962,1640.0,25.0
431490205002963,3275.0,25.0
431490205002964,2284.21,53.0
431490205002965,3510.19,33.0
431490205002966,929.0,6.0
431490205002967,5518.44,167.0
431490205002968,3640.0,5.0
431490205002969,1672.48,97.0
431490205002970,1856.51,63.0
431490205002971,7543.64,234.0
431490205002972,,
431490205002973,1442.54,93.0
431490205002974,1722.41,132.0
431490205002975,2205.03,41.0
431490205002976,1798.62,31.0
431490205002977,2704.13,108.0
431490205002978,4492.0,11.0
431490205002979,1313.98,164.0
431490205002980,1270.44,162.0
431490205002981,2672.87,242.0
431490205002982,1894.8,171.0
431490205002983,2005.71,252.0
431490205002986,935.71,18.0
431490205002994,,
431490205002995,1940.0,5.0
431490205002996,2007.13,130.0
431490205002997,1482.96,207.0
431490205002998,1787.1,10.0
431490205002999,1357.91,188.0
431490205003000,1566.23,235.0
431490205003001,3380.61,69.0
431490205003002,1408.2,160.0
431490205003003,2139.31,53.0
431490205003004,10680.09,216.0
431490205003005,1720.72,302.0
431490205003007,1490.0,15.0
431490205003008,1857.71,229.0
431490205003009,3369.44,297.0
431490205003010,2684.58,55.0
431490205003011,1597.48,90.0
431490205003012,2805.61,138.0
431490205003013,2020.59,34.0
431490205003014,1838.42,253.0
431490205003015,1982.5,123.0
431490205003016,2809.81,63.0
431490205003017,1836.25,205.0
431490205003018,2088.08,201.0
431490205003019,1486.99,85.0
431490205003020,1664.57,209.0
431490205003022,1817.89,318.0
431490205003023,,
431490205003024,8982.79,94.0
431490205003025,,
431490205003026,2983.4,228.0
431490205003028,,
431490205003030,1019.8,21.0
431490205003032,11429.85,301.0
